Algorithm,DataSet,FeatureCount,RMSE.ByRating,RMSE.ByUser,nDCG,TopN.nDCG
PersMean,FullData,,0.905876387,0.826175471,0.959435168,0.384743124
ItemItem,FullData,,0.857777245,0.779570418,0.959634423,0.37810478
SVDGlobalMean,FullData,1,0.972929267,0.910746895,0.945390766,0.305419543
SVDUserMean,FullData,1,0.903808742,0.827516611,0.959822589,0.372745259
SVDItemMean,FullData,1,0.917018895,0.843599442,0.959741619,0.387834966
SVDGlobalMean,FullData,5,0.881897443,0.811397735,0.965746021,0.443583402
SVDUserMean,FullData,5,0.867083221,0.790673672,0.966805339,0.433450204
SVDPersMean,FullData,1,0.88272299,0.804598961,0.962428404,0.396681666
SVDItemMean,FullData,5,0.872610846,0.800588938,0.966923416,0.423931587
SVDPersMean,FullData,5,0.853940631,0.778152513,0.967885532,0.418311077
SVDGlobalMean,FullData,10,0.858361684,0.789575012,0.968103621,0.466388359
SVDUserMean,FullData,10,0.850518707,0.775044496,0.968240102,0.448240928
SVDItemMean,FullData,10,0.846723012,0.77675809,0.969719386,0.441805084
SVDGlobalMean,FullData,15,0.854119778,0.785037622,0.968500325,0.474704245
SVDUserMean,FullData,15,0.844970488,0.770024356,0.968995614,0.457093547
SVDPersMean,FullData,10,0.8351505,0.759940717,0.970459726,0.43107153
SVDItemMean,FullData,15,0.837771032,0.768185325,0.970102393,0.444367324
SVDGlobalMean,FullData,20,0.863966861,0.793684661,0.967279224,0.464331376
SVDPersMean,FullData,15,0.8250121,0.750742811,0.970822058,0.432367204
SVDUserMean,FullData,20,0.850274568,0.774629601,0.967935695,0.444317883
SVDItemMean,FullData,20,0.839534066,0.770142145,0.969973876,0.449218515
SVDGlobalMean,FullData,25,0.872081273,0.80108617,0.96616405,0.462023969
SVDPersMean,FullData,20,0.823846575,0.749483212,0.969356015,0.432209452
SVDUserMean,FullData,25,0.854137601,0.778635797,0.966548157,0.443471962
SVDItemMean,FullData,25,0.849386785,0.778704813,0.969183027,0.443093479
SVDGlobalMean,FullData,30,0.882588293,0.811383617,0.965624848,0.453618447
SVDPersMean,FullData,25,0.827607404,0.753264512,0.969076292,0.425354559
SVDUserMean,FullData,30,0.858779892,0.782653082,0.965570495,0.433673874
SVDItemMean,FullData,30,0.856728694,0.78562414,0.969145156,0.441687967
SVDPersMean,FullData,30,0.830486911,0.756445106,0.969394851,0.426818324
SVDGlobalMean,FullData,40,0.900092056,0.829495892,0.964162212,0.435151233
SVDItemMean,FullData,40,0.873714081,0.80362866,0.968009784,0.424537407
SVDUserMean,FullData,40,0.870830946,0.795641134,0.964578784,0.416956259
SVDPersMean,FullData,40,0.840680813,0.765796444,0.96856095,0.412857316
SVDGlobalMean,FullData,50,0.921586893,0.85147151,0.962474269,0.408231398
PersMean,FullData,,0.909835789,0.828817471,0.962576642,0.395936127
SVDItemMean,FullData,50,0.887802216,0.818412005,0.967803791,0.416259933
SVDUserMean,FullData,50,0.882925443,0.808618537,0.962746269,0.391583107
ItemItem,FullData,,0.854105478,0.775713893,0.967990223,0.391379698
SVDPersMean,FullData,50,0.847925776,0.77347123,0.968440427,0.402162925
SVDGlobalMean,FullData,1,0.987590535,0.921258903,0.946435235,0.302754694
SVDUserMean,FullData,1,0.908449839,0.828176139,0.960845725,0.383935271
SVDItemMean,FullData,1,0.927570136,0.851182503,0.963228736,0.398696025
SVDGlobalMean,FullData,5,0.887026319,0.813115471,0.966988572,0.441337525
SVDItemMean,FullData,5,0.874430586,0.799775678,0.968383153,0.438143369
SVDUserMean,FullData,5,0.864942999,0.787364849,0.968150046,0.438391344
SVDPersMean,FullData,1,0.890514107,0.808791482,0.963922707,0.399219513
SVDItemMean,FullData,10,0.855452697,0.783714925,0.970734984,0.456973403
SVDGlobalMean,FullData,10,0.865659346,0.794945494,0.970798685,0.468080058
SVDPersMean,FullData,5,0.852504731,0.77447509,0.969322338,0.43139732
SVDUserMean,FullData,10,0.842802679,0.768976707,0.971120957,0.450938741
SVDGlobalMean,FullData,15,0.86329312,0.791977701,0.971619773,0.476387239
SVDPersMean,FullData,10,0.830526321,0.755827625,0.971244315,0.443764991
SVDItemMean,FullData,15,0.851675565,0.778671179,0.971719977,0.459870216
SVDUserMean,FullData,15,0.841159951,0.767375445,0.971438943,0.457416958
SVDGlobalMean,FullData,20,0.868393644,0.798093136,0.970341527,0.468184946
SVDPersMean,FullData,15,0.826785513,0.75163233,0.971796509,0.448555094
SVDItemMean,FullData,20,0.854837445,0.782867822,0.971417555,0.458189435
SVDUserMean,FullData,20,0.848637196,0.77535635,0.970761521,0.453458862
SVDPersMean,FullData,20,0.828242934,0.754349557,0.971678121,0.446888492
SVDGlobalMean,FullData,25,0.880647751,0.808298851,0.970310112,0.463384032
SVDUserMean,FullData,25,0.851526027,0.778629001,0.9703698,0.450471132
SVDItemMean,FullData,25,0.861547976,0.7891928,0.971851205,0.45703225
SVDPersMean,FullData,25,0.830938606,0.757201118,0.971221699,0.443175523
SVDGlobalMean,FullData,30,0.888487796,0.814746821,0.969999881,0.4566092
SVDItemMean,FullData,30,0.866541959,0.793620964,0.971430743,0.452855322
SVDUserMean,FullData,30,0.856178306,0.781914369,0.968238651,0.442481525
SVDPersMean,FullData,30,0.83233543,0.756921577,0.970973044,0.437633483
SVDGlobalMean,FullData,40,0.909798881,0.83457489,0.966661954,0.451396019
SVDItemMean,FullData,40,0.887983169,0.811728196,0.97045872,0.444786106
SVDUserMean,FullData,40,0.868788677,0.792826101,0.966872453,0.430297263
SVDPersMean,FullData,40,0.841845042,0.765032595,0.970497012,0.431887928
SVDGlobalMean,FullData,50,0.931892691,0.85656353,0.96387817,0.426557782
PersMean,FullData,,0.910392329,0.831535757,0.961566299,0.386488357
SVDUserMean,FullData,50,0.882661218,0.807068216,0.964575591,0.412945135
ItemItem,FullData,,0.858227237,0.776534986,0.963939885,0.385274358
SVDItemMean,FullData,50,0.900276003,0.825738906,0.968827175,0.43584932
SVDPersMean,FullData,50,0.845160264,0.768602245,0.970124802,0.428261356
SVDGlobalMean,FullData,1,0.981912343,0.916819029,0.948282308,0.304264902
SVDUserMean,FullData,1,0.909247025,0.830064499,0.961047795,0.377422105
SVDItemMean,FullData,1,0.922740803,0.849119136,0.962274668,0.39296935
SVDPersMean,FullData,1,0.887222077,0.807749478,0.964526732,0.395668468
SVDGlobalMean,FullData,5,0.883833159,0.811319759,0.96659908,0.443074557
SVDItemMean,FullData,5,0.870185041,0.797660912,0.967530245,0.429414472
SVDUserMean,FullData,5,0.862142681,0.784546266,0.967835129,0.438640719
SVDPersMean,FullData,5,0.850546971,0.773577353,0.968166995,0.426089529
SVDGlobalMean,FullData,10,0.865115069,0.792054543,0.967697991,0.464397128
SVDItemMean,FullData,10,0.85375938,0.780181143,0.970359349,0.444045993
SVDUserMean,FullData,10,0.850021194,0.771937193,0.969013628,0.44951646
SVDPersMean,FullData,10,0.832529635,0.75517471,0.970213958,0.436452459
SVDGlobalMean,FullData,15,0.860830518,0.786856358,0.968875657,0.466357812
SVDItemMean,FullData,15,0.849746327,0.774677672,0.971200946,0.448893764
SVDUserMean,FullData,15,0.841773926,0.764742845,0.969933844,0.458324529
SVDPersMean,FullData,15,0.825014613,0.747168416,0.970592353,0.440992082
SVDGlobalMean,FullData,20,0.867038487,0.791435696,0.968784513,0.462350243
SVDItemMean,FullData,20,0.850717977,0.774956485,0.970812838,0.446178339
SVDUserMean,FullData,20,0.848082375,0.768394805,0.968911945,0.452801929
SVDGlobalMean,FullData,25,0.882408592,0.804711254,0.967495479,0.455840248
SVDPersMean,FullData,20,0.825656632,0.747149067,0.970627387,0.439248409
SVDUserMean,FullData,25,0.858557417,0.777975494,0.96713572,0.439934163
SVDItemMean,FullData,25,0.860308416,0.783447299,0.970319637,0.443144075
SVDGlobalMean,FullData,30,0.897687422,0.819016966,0.966031482,0.449449032
SVDPersMean,FullData,25,0.827698317,0.749455485,0.97052976,0.4319124
SVDUserMean,FullData,30,0.867779722,0.785369867,0.966640654,0.433607391
SVDItemMean,FullData,30,0.870319959,0.792326347,0.969362974,0.440755596
SVDGlobalMean,FullData,40,0.922027736,0.840484656,0.963291419,0.437541914
SVDPersMean,FullData,30,0.836943664,0.755828564,0.969493009,0.430816511
SVDUserMean,FullData,40,0.881923201,0.798807073,0.964148222,0.422963448
SVDItemMean,FullData,40,0.889253147,0.808695687,0.968595774,0.430175354
SVDPersMean,FullData,40,0.844839724,0.763646901,0.969308413,0.425403708
SVDGlobalMean,FullData,50,0.943339727,0.862143921,0.961383,0.425775539
PersMean,FullData,,0.884612442,0.814179166,0.961967283,0.383983977
SVDItemMean,FullData,50,0.906657477,0.825965525,0.967924086,0.422672309
SVDUserMean,FullData,50,0.893590606,0.811061071,0.962113652,0.410749828
ItemItem,FullData,,0.819680822,0.753024446,0.963512212,0.396708113
SVDPersMean,FullData,50,0.851743944,0.77193902,0.968692377,0.41487946
SVDGlobalMean,FullData,1,0.95671121,0.901698184,0.94731829,0.309992945
SVDItemMean,FullData,1,0.899878711,0.835138452,0.96189429,0.387452122
SVDUserMean,FullData,1,0.880606209,0.811896617,0.962492584,0.376368737
SVDPersMean,FullData,1,0.863485431,0.792225299,0.964553424,0.389432956
SVDGlobalMean,FullData,5,0.86162524,0.798998411,0.967525335,0.45106524
SVDItemMean,FullData,5,0.846998861,0.784516857,0.968222424,0.4256098
SVDUserMean,FullData,5,0.83635889,0.770634133,0.968358448,0.432009314
SVDPersMean,FullData,5,0.827300015,0.760976616,0.968417077,0.416623503
SVDGlobalMean,FullData,10,0.840512807,0.77844043,0.969880831,0.463125296
SVDItemMean,FullData,10,0.827826772,0.765241614,0.970517148,0.440322402
SVDUserMean,FullData,10,0.821352374,0.756818275,0.970043832,0.452301009
SVDPersMean,FullData,10,0.807268282,0.74136051,0.97060966,0.430578367
SVDGlobalMean,FullData,15,0.836667775,0.775042852,0.971254171,0.468019772
SVDUserMean,FullData,15,0.817660544,0.752437408,0.970994578,0.454262618
SVDItemMean,FullData,15,0.822476468,0.759836836,0.971239927,0.443537906
SVDPersMean,FullData,15,0.801906328,0.735851988,0.970770399,0.43460125
SVDGlobalMean,FullData,20,0.83869857,0.777274156,0.970105483,0.463364832
SVDItemMean,FullData,20,0.823058311,0.760468975,0.970530939,0.441632598
SVDUserMean,FullData,20,0.820975773,0.754636667,0.969690388,0.450057605
SVDPersMean,FullData,20,0.799331327,0.733366599,0.971366019,0.429670523
SVDGlobalMean,FullData,25,0.854554901,0.791852142,0.968448994,0.456908788
SVDUserMean,FullData,25,0.8275687,0.761703655,0.969194416,0.442507449
SVDItemMean,FullData,25,0.829068114,0.765786919,0.970372603,0.436231334
SVDPersMean,FullData,25,0.801535463,0.735147008,0.971242573,0.425294336
SVDGlobalMean,FullData,30,0.861830156,0.798072564,0.968564035,0.451665356
SVDUserMean,FullData,30,0.832429497,0.766487619,0.968905768,0.440991966
SVDItemMean,FullData,30,0.835551893,0.771575187,0.970772346,0.435010897
SVDGlobalMean,FullData,40,0.884840354,0.820673123,0.96687588,0.43960142
SVDPersMean,FullData,30,0.802238294,0.735426336,0.971390823,0.422299524
SVDUserMean,FullData,40,0.844232982,0.777849893,0.966928615,0.420460271
SVDItemMean,FullData,40,0.852088998,0.786590205,0.970709513,0.426643054
SVDGlobalMean,FullData,50,0.902197219,0.839645292,0.963356184,0.420824973
SVDPersMean,FullData,40,0.810034665,0.742058741,0.971592707,0.413397973
PersMean,FullData,,0.908674029,0.831539214,0.961903637,0.378305924
ItemItem,FullData,,0.854483063,0.778810807,0.966240947,0.381800597
SVDItemMean,FullData,50,0.864414683,0.799975273,0.970051065,0.421240871
SVDUserMean,FullData,50,0.852236937,0.787877151,0.964433162,0.406149209
SVDPersMean,FullData,50,0.813935941,0.747180901,0.970645261,0.4088302
SVDGlobalMean,FullData,1,0.976187047,0.914375995,0.946544618,0.2939522
SVDItemMean,FullData,1,0.92019554,0.849074642,0.962321356,0.383266651
SVDUserMean,FullData,1,0.907679756,0.832451107,0.95954159,0.366380585
SVDPersMean,FullData,1,0.885093339,0.808919449,0.964411315,0.390166618
SVDGlobalMean,FullData,5,0.882554741,0.816223355,0.967059337,0.443107831
SVDItemMean,FullData,5,0.869163967,0.801555783,0.967025191,0.426959287
SVDGlobalMean,FullData,10,0.866602958,0.799732398,0.967308632,0.456692338
SVDUserMean,FullData,5,0.866078752,0.793416584,0.96844419,0.422865741
SVDPersMean,FullData,5,0.85140811,0.778369331,0.968806221,0.415423519
SVDUserMean,FullData,10,0.85085762,0.779143074,0.969110291,0.43498704
SVDItemMean,FullData,10,0.850142035,0.782451097,0.969656065,0.442375777
SVDGlobalMean,FullData,15,0.860812619,0.794369865,0.969896308,0.455735219
SVDPersMean,FullData,10,0.832348633,0.759570339,0.97111109,0.42481978
SVDUserMean,FullData,15,0.84533178,0.774482329,0.970159786,0.435552137
SVDItemMean,FullData,15,0.845107586,0.777436906,0.970129594,0.443466238
SVDGlobalMean,FullData,20,0.87085961,0.80354708,0.968780215,0.454839209
SVDPersMean,FullData,15,0.828237979,0.755089549,0.970345837,0.426633058
SVDUserMean,FullData,20,0.852617577,0.780564687,0.968841495,0.432646146
SVDItemMean,FullData,20,0.851047764,0.782711854,0.970750529,0.440580874
SVDGlobalMean,FullData,25,0.88013261,0.811562837,0.968090166,0.454236748
SVDPersMean,FullData,20,0.829671145,0.757030161,0.970718285,0.424787848
SVDUserMean,FullData,25,0.858522362,0.78484813,0.968481039,0.431027905
SVDItemMean,FullData,25,0.858673252,0.789832929,0.970556953,0.436815563
SVDGlobalMean,FullData,30,0.889025617,0.818489478,0.967489394,0.448645135
SVDPersMean,FullData,25,0.837117397,0.762196067,0.970500906,0.421710551
SVDUserMean,FullData,30,0.864752242,0.788789017,0.96822626,0.427910404
SVDItemMean,FullData,30,0.868116002,0.795463054,0.969909399,0.439583045
SVDPersMean,FullData,30,0.841324079,0.764140899,0.969917327,0.424038117
SVDGlobalMean,FullData,40,0.915716752,0.842391723,0.965550603,0.434046363
SVDUserMean,FullData,40,0.879820963,0.801835311,0.964791683,0.412548473
SVDItemMean,FullData,40,0.89015774,0.816590293,0.968906883,0.43072363
SVDGlobalMean,FullData,50,0.934085129,0.860740344,0.963204946,0.417836729
SVDPersMean,FullData,40,0.851659007,0.773399806,0.969795027,0.415539622
PersMean,PartialData,,0.920734,0.840006283,0.959509113,0.147442562
ItemItem,PartialData,,0.902974646,0.82057963,0.948774184,0.118003893
SVDUserMean,FullData,50,0.891052904,0.812911095,0.962679734,0.395752194
SVDItemMean,FullData,50,0.900282107,0.827598603,0.968274522,0.423366085
SVDPersMean,FullData,50,0.854881778,0.777982356,0.968605197,0.412929333
SVDGlobalMean,PartialData,1,0.996897324,0.932863589,0.946199847,0.112053263
SVDUserMean,PartialData,1,0.940671807,0.863684275,0.958616132,0.145840143
SVDItemMean,PartialData,1,0.94233362,0.870422244,0.959781915,0.149737663
SVDPersMean,PartialData,1,0.904394575,0.825336513,0.961625941,0.151815779
SVDGlobalMean,PartialData,5,0.945251533,0.877225432,0.961695791,0.166229135
SVDUserMean,PartialData,5,0.922676766,0.846266746,0.962285395,0.160664749
SVDItemMean,PartialData,5,0.9175087,0.846637805,0.963188052,0.156505379
SVDPersMean,PartialData,5,0.891065849,0.812570948,0.963984145,0.159117164
SVDGlobalMean,PartialData,10,0.944650467,0.876312007,0.959912014,0.174056269
SVDItemMean,PartialData,10,0.909030084,0.838069369,0.964639503,0.162140511
SVDUserMean,PartialData,10,0.917932062,0.841784775,0.960839122,0.162012532
SVDPersMean,PartialData,10,0.880546073,0.803102277,0.964792993,0.16347687
SVDGlobalMean,PartialData,15,0.948898119,0.879994315,0.959844094,0.166402228
SVDItemMean,PartialData,15,0.908687472,0.838055157,0.965707686,0.163412238
SVDPersMean,PartialData,15,0.880537918,0.802059467,0.965230796,0.161008047
SVDUserMean,PartialData,15,0.919701754,0.843447816,0.961018151,0.157230326
SVDGlobalMean,PartialData,20,0.958452942,0.886414568,0.958441143,0.165713546
SVDItemMean,PartialData,20,0.91825793,0.845068782,0.964469388,0.162141049
SVDUserMean,PartialData,20,0.925717255,0.847153382,0.959918507,0.157716904
SVDPersMean,PartialData,20,0.884020342,0.805063113,0.96473665,0.157898987
SVDGlobalMean,PartialData,25,0.964396521,0.892269186,0.957098106,0.164963811
SVDItemMean,PartialData,25,0.927064817,0.852492185,0.964686515,0.163536704
SVDUserMean,PartialData,25,0.928393931,0.850326254,0.958091486,0.153487221
SVDPersMean,PartialData,25,0.888369495,0.808514719,0.964988871,0.158409863
SVDGlobalMean,PartialData,30,0.971940018,0.900494361,0.954323624,0.157868739
SVDItemMean,PartialData,30,0.931148422,0.856647584,0.965091326,0.158881316
SVDUserMean,PartialData,30,0.934979829,0.857614458,0.956142401,0.148596356
SVDPersMean,PartialData,30,0.893954919,0.813782966,0.963391845,0.157755951
SVDItemMean,PartialData,40,0.94597251,0.870239028,0.963000785,0.156185272
SVDGlobalMean,PartialData,40,0.989205537,0.916769712,0.952337591,0.149099258
SVDUserMean,PartialData,40,0.946580929,0.868862553,0.951495777,0.138585996
SVDPersMean,PartialData,40,0.900959092,0.819721325,0.962311756,0.152505725
SVDGlobalMean,PartialData,50,1.001183759,0.929865702,0.949174171,0.137722569
SVDItemMean,PartialData,50,0.957877813,0.88320585,0.961444438,0.151481739
PersMean,PartialData,,0.923195488,0.840986765,0.962152304,0.157812518
ItemItem,PartialData,,0.918916906,0.830943621,0.95575209,0.12827334
SVDUserMean,PartialData,50,0.952994248,0.875999705,0.950330193,0.128569903
SVDPersMean,PartialData,50,0.907500334,0.826587781,0.961720842,0.148070772
SVDUserMean,PartialData,1,0.94408414,0.864488248,0.958918523,0.152448126
SVDItemMean,PartialData,1,0.957711072,0.881192334,0.962514451,0.158384221
SVDGlobalMean,PartialData,1,1.014555074,0.946614187,0.946319147,0.109454665
SVDPersMean,PartialData,1,0.911456244,0.829359374,0.963091543,0.158263857
SVDGlobalMean,PartialData,5,0.959780192,0.887786884,0.962934564,0.158195916
SVDItemMean,PartialData,5,0.930811419,0.855567352,0.965385472,0.166871561
SVDUserMean,PartialData,5,0.92481911,0.84622206,0.962570298,0.15653952
SVDPersMean,PartialData,5,0.891868563,0.811652954,0.965668249,0.16475697
SVDGlobalMean,PartialData,10,0.95974688,0.886789377,0.960947638,0.171770716
SVDUserMean,PartialData,10,0.920465839,0.841676199,0.960584913,0.166626695
SVDItemMean,PartialData,10,0.924397703,0.849433534,0.96657875,0.170480981
SVDPersMean,PartialData,10,0.885204321,0.804158247,0.96654174,0.171546268
SVDGlobalMean,PartialData,15,0.961473243,0.887667584,0.962169521,0.182485704
SVDItemMean,PartialData,15,0.92690929,0.850637291,0.966391183,0.175092319
SVDUserMean,PartialData,15,0.9192814,0.840868471,0.96145434,0.173199534
SVDGlobalMean,PartialData,20,0.968012157,0.893082085,0.960073474,0.177650225
SVDPersMean,PartialData,15,0.883606797,0.80183683,0.965895878,0.166606451
SVDItemMean,PartialData,20,0.932001144,0.854700638,0.965623305,0.172035903
SVDUserMean,PartialData,20,0.922724038,0.844164604,0.959907025,0.166510037
SVDGlobalMean,PartialData,25,0.9728737,0.898600917,0.958468905,0.17081709
SVDPersMean,PartialData,20,0.886556411,0.804895261,0.965338768,0.166181292
SVDItemMean,PartialData,25,0.937835114,0.86029382,0.965675332,0.172474901
SVDUserMean,PartialData,25,0.927145932,0.84854825,0.959149367,0.1651238
SVDGlobalMean,PartialData,30,0.978769297,0.904424195,0.957498259,0.165363316
SVDPersMean,PartialData,25,0.888475284,0.808159667,0.965389428,0.166004303
SVDItemMean,PartialData,30,0.946760489,0.868680243,0.965292844,0.172254831
SVDUserMean,PartialData,30,0.933314515,0.854173048,0.958451591,0.15703539
SVDGlobalMean,PartialData,40,1.00039609,0.926236346,0.954592928,0.154872004
SVDPersMean,PartialData,30,0.892046609,0.810934402,0.965705041,0.168528678
SVDItemMean,PartialData,40,0.957280354,0.878932973,0.964623073,0.171089106
SVDUserMean,PartialData,40,0.944029579,0.864404449,0.953897438,0.146995802
SVDPersMean,PartialData,40,0.897936016,0.816007649,0.965068449,0.171432214
SVDGlobalMean,PartialData,50,1.01391361,0.939245332,0.952691946,0.138931174
PersMean,PartialData,,0.918724127,0.83872614,0.961685876,0.145648242
SVDItemMean,PartialData,50,0.9706449,0.891477171,0.9628352,0.166820475
SVDUserMean,PartialData,50,0.949881043,0.869744502,0.953833865,0.135545428
ItemItem,PartialData,,0.897520061,0.813419298,0.955703539,0.129466173
SVDPersMean,PartialData,50,0.903862684,0.821785889,0.964273789,0.164379843
SVDGlobalMean,PartialData,1,1.009224566,0.940506438,0.94752041,0.108049868
SVDUserMean,PartialData,1,0.941803799,0.862956037,0.960608728,0.143641942
SVDItemMean,PartialData,1,0.952292133,0.876998557,0.962485428,0.145553231
SVDPersMean,PartialData,1,0.9048985,0.824930866,0.963454083,0.146272529
SVDGlobalMean,PartialData,5,0.953788206,0.882545605,0.963557193,0.164081875
SVDUserMean,PartialData,5,0.917128251,0.840782165,0.9638558,0.159755099
SVDItemMean,PartialData,5,0.92388673,0.849895533,0.964909054,0.153603648
SVDPersMean,PartialData,5,0.88297022,0.805775802,0.965122892,0.154731411
SVDItemMean,PartialData,10,0.91852527,0.843979855,0.966152,0.162189459
SVDGlobalMean,PartialData,10,0.953226596,0.879647021,0.961949738,0.166208702
SVDUserMean,PartialData,10,0.916990729,0.837923614,0.962281861,0.165001511
SVDPersMean,PartialData,10,0.87755376,0.799412509,0.96581433,0.15734907
SVDGlobalMean,PartialData,15,0.961279566,0.88418393,0.960005784,0.168871763
SVDUserMean,PartialData,15,0.92132588,0.84067694,0.960504039,0.167694529
SVDItemMean,PartialData,15,0.92460374,0.846162999,0.965572917,0.165109558
SVDPersMean,PartialData,15,0.875614569,0.796475345,0.966122442,0.161960639
SVDGlobalMean,PartialData,20,0.966002334,0.888725115,0.95945167,0.165059878
SVDUserMean,PartialData,20,0.921906305,0.842021795,0.958943406,0.166094425
SVDItemMean,PartialData,20,0.93065536,0.850665572,0.965543797,0.16354062
SVDPersMean,PartialData,20,0.880056052,0.800070323,0.965684521,0.158491933
SVDGlobalMean,PartialData,25,0.976205237,0.897263012,0.957667159,0.159775015
SVDUserMean,PartialData,25,0.929801059,0.848932665,0.956734389,0.157755295
SVDItemMean,PartialData,25,0.935735744,0.855401676,0.965149501,0.161253594
SVDPersMean,PartialData,25,0.882886529,0.801988581,0.964922597,0.157560793
SVDGlobalMean,PartialData,30,0.984514044,0.90441259,0.955632098,0.158680911
SVDUserMean,PartialData,30,0.933316464,0.851691802,0.956947475,0.155464278
SVDItemMean,PartialData,30,0.949126166,0.866097084,0.964383275,0.157914869
SVDPersMean,PartialData,30,0.886500104,0.805118743,0.96493122,0.156455973
SVDGlobalMean,PartialData,40,0.999156916,0.918568351,0.95482021,0.147343843
SVDUserMean,PartialData,40,0.943282002,0.861386638,0.955697387,0.146823103
SVDItemMean,PartialData,40,0.959765232,0.876129462,0.963419922,0.152940509
SVDPersMean,PartialData,40,0.894110842,0.811974787,0.963682709,0.152990632
SVDGlobalMean,PartialData,50,1.020188996,0.939707989,0.949912513,0.131765339
PersMean,PartialData,,0.893708227,0.821807538,0.962184624,0.150325764
ItemItem,PartialData,,0.870034873,0.797110822,0.954938772,0.127713785
SVDItemMean,PartialData,50,0.971886065,0.889278578,0.962761004,0.152603336
SVDUserMean,PartialData,50,0.95511171,0.874019779,0.951078205,0.139118898
SVDPersMean,PartialData,50,0.902189658,0.820611743,0.963243887,0.153394433
SVDGlobalMean,PartialData,1,0.983418752,0.926149511,0.948329092,0.112686277
SVDItemMean,PartialData,1,0.927293834,0.862034885,0.96262295,0.14955344
SVDUserMean,PartialData,1,0.911958614,0.843419254,0.960466292,0.142307911
SVDPersMean,PartialData,1,0.880959775,0.808907681,0.963611638,0.148289956
SVDGlobalMean,PartialData,5,0.929733046,0.869020146,0.964173716,0.162683764
SVDUserMean,PartialData,5,0.89500339,0.826989451,0.963678856,0.152268133
SVDGlobalMean,PartialData,10,0.92829021,0.867151191,0.962827647,0.16506485
SVDItemMean,PartialData,5,0.899415185,0.83607398,0.965975112,0.152314141
SVDPersMean,PartialData,5,0.859725335,0.790341221,0.966027972,0.150665355
SVDUserMean,PartialData,10,0.889406424,0.822703282,0.962280388,0.154986488
SVDItemMean,PartialData,10,0.891310297,0.82800387,0.967272896,0.153428807
SVDPersMean,PartialData,10,0.852188441,0.783162659,0.966642259,0.152930256
SVDGlobalMean,PartialData,15,0.933098903,0.871685881,0.960884363,0.162399549
SVDUserMean,PartialData,15,0.893945911,0.825916405,0.960882161,0.157228659
SVDItemMean,PartialData,15,0.89560187,0.830685882,0.967149204,0.152635769
SVDPersMean,PartialData,15,0.85116721,0.781839927,0.967903967,0.152926167
SVDGlobalMean,PartialData,20,0.942362433,0.879297798,0.960531371,0.158196598
SVDUserMean,PartialData,20,0.899184875,0.829268225,0.959460536,0.15391832
SVDPersMean,PartialData,20,0.856115103,0.786112945,0.966903074,0.151366863
SVDItemMean,PartialData,20,0.899333412,0.834104097,0.967214025,0.152923818
SVDGlobalMean,PartialData,25,0.948042823,0.885898263,0.959021282,0.154089064
SVDUserMean,PartialData,25,0.905443076,0.836324351,0.957889097,0.154635425
SVDItemMean,PartialData,25,0.90366409,0.838879516,0.966493135,0.150474206
SVDPersMean,PartialData,25,0.861084933,0.790857993,0.966238417,0.152716487
SVDGlobalMean,PartialData,30,0.953307732,0.890959254,0.958114311,0.15535259
SVDUserMean,PartialData,30,0.908675801,0.838766056,0.95683763,0.150958911
SVDItemMean,PartialData,30,0.910465348,0.845641756,0.965268932,0.148002303
SVDPersMean,PartialData,30,0.862124627,0.791122176,0.964868667,0.151153532
SVDGlobalMean,PartialData,40,0.970090244,0.907222629,0.954603015,0.142991516
SVDItemMean,PartialData,40,0.922476522,0.855984072,0.964064896,0.147133722
SVDGlobalMean,PartialData,50,0.984951794,0.920903884,0.952686973,0.133477577
SVDUserMean,PartialData,40,0.918723742,0.849151164,0.953056012,0.140522775
SVDPersMean,PartialData,40,0.868408501,0.796869136,0.964415637,0.142266373
PersMean,PartialData,,0.921624791,0.841506345,0.961926914,0.149615818
ItemItem,PartialData,,0.915076429,0.828842637,0.957486902,0.131463433
SVDItemMean,PartialData,50,0.935978828,0.86802413,0.963356206,0.144704577
SVDGlobalMean,PartialData,1,1.002899571,0.938744257,0.946268159,0.106741027
SVDUserMean,PartialData,50,0.924202852,0.854792758,0.953609864,0.133458211
SVDPersMean,PartialData,50,0.873851918,0.801617835,0.964369631,0.144497106
SVDGlobalMean,PartialData,5,0.94859239,0.882298754,0.964342162,0.170344301
SVDItemMean,PartialData,1,0.947703273,0.876514258,0.962921073,0.151309048
SVDUserMean,PartialData,1,0.94270785,0.863415089,0.959640897,0.146980912
SVDPersMean,PartialData,1,0.906976941,0.827798275,0.963744877,0.152446401
SVDUserMean,PartialData,5,0.921452097,0.842565658,0.964210563,0.163619851
SVDPersMean,PartialData,5,0.888790163,0.810338257,0.965891882,0.159803221
SVDGlobalMean,PartialData,10,0.947990595,0.880504786,0.962010482,0.164050217
SVDItemMean,PartialData,5,0.920922665,0.851696,0.96571833,0.163953561
SVDUserMean,PartialData,10,0.919259495,0.84034942,0.961770404,0.164748066
SVDItemMean,PartialData,10,0.91428944,0.844487831,0.966782089,0.165985465
SVDGlobalMean,PartialData,15,0.953599457,0.885422518,0.96110935,0.163047015
SVDPersMean,PartialData,10,0.882633339,0.80486353,0.9673176,0.159897697
SVDUserMean,PartialData,15,0.92332453,0.843498584,0.961096351,0.154140076
SVDItemMean,PartialData,15,0.919466626,0.848591651,0.965723494,0.160603757
SVDGlobalMean,PartialData,20,0.961487047,0.891258926,0.96019805,0.160440411
SVDPersMean,PartialData,15,0.884543891,0.806486351,0.966273387,0.159062797
SVDUserMean,PartialData,20,0.923374508,0.844623499,0.961138357,0.154878318
SVDGlobalMean,PartialData,25,0.96938157,0.898746749,0.959037495,0.158583248
SVDItemMean,PartialData,20,0.926253635,0.854439901,0.965447006,0.160725994
SVDPersMean,PartialData,20,0.884236523,0.807067544,0.96594505,0.162546594
SVDUserMean,PartialData,25,0.927730102,0.849170275,0.958749733,0.154882259
SVDItemMean,PartialData,25,0.930271563,0.859028636,0.964571236,0.161297489
SVDGlobalMean,PartialData,30,0.974912978,0.90443705,0.958321242,0.154910266
SVDPersMean,PartialData,25,0.888336152,0.810606641,0.965761423,0.159667385
SVDUserMean,PartialData,30,0.932507169,0.853911667,0.958194253,0.154397478
SVDItemMean,PartialData,30,0.934777789,0.863516584,0.965319705,0.159027215
SVDGlobalMean,PartialData,40,0.993170186,0.92226911,0.953689061,0.141742815
SVDPersMean,PartialData,30,0.888785827,0.812267271,0.965849421,0.160740649
SVDUserMean,PartialData,40,0.942342444,0.862866029,0.955903173,0.138017928
SVDItemMean,PartialData,40,0.949166382,0.87597294,0.964276482,0.160985865
SVDGlobalMean,PartialData,50,1.007546366,0.935845208,0.952336983,0.131852474
SVDPersMean,PartialData,40,0.897144754,0.8182149,0.964903482,0.159106503
SVDItemMean,PartialData,50,0.960816889,0.887168336,0.963593808,0.155818642
SVDPersMean,PartialData,50,0.903578594,0.824094642,0.964689916,0.153980327
SVDUserMean,PartialData,50,0.955752684,0.874645161,0.952716545,0.131835242
